[
    {
        "id": 1,
        "nome": "Avaliação de Interação Humano-Computador"
    },
    {
        "id": 2,
        "nome": "Concepção e Desenvolvimento de Produtos"
    },
    {
        "id": 3,
        "nome": "Comunicação Visual I"
    },
    {
        "id": 4,
        "nome": "Comunicação Visual II"
    },
    {
        "id": 5,
        "nome": "Desenho I" 
    },
    {
        "id": 6,
        "nome": "Desenho II"

    },
    {
        "id": 7,
        "nome": "Design e Inovação"
    },
    {
        "id": 8,
        "nome": "Direção de Arte"
    },
    {
        "id": 9,
        "nome": "Edição Digital de Imagens"
    },
    {
        "id": 10,
        "nome": "Empreendedorismo"
    },
    {
        "id": 11,
        "nome": "Ética e legislação"
    },
    {
        "id": 12,
        "nome": "História da Arte"
    },
    {
        "id": 13,
        "nome": "História do Design"
    },
    {
        "id": 14,
        "nome": "Interação Humano - Computador"
    },
    {
        "id": 15,
        "nome": "Introdução à Programação para Design"
    },
    {
        "id": 16,
        "nome": "Modelagem Tridimensional"
    },
    {
        "id": 17,
        "nome": "Multimídia"
    },
    {
        "id": 18,
        "nome": "Semiótica"
    },
    {
        "id": 19,
        "nome": "Sociedade, Culturas e Tecnologias"
    },
    {
        "id": 20,
        "nome": "Processos de Criação"
    },
    {
        "id": 21,
        "nome": "Programação para Design"
    },
    {
        "id": 22,
        "nome": "Projeto de Interfaces para Dispositivos Móveis"
    },
    {
        "id": 23,
        "nome": "Projeto de Interfaces Web"
    },
    {
        "id": 24,
        "nome": "Projeto Técnico-cientifico em DD"
    },
    {
        "id": 25,
        "nome": "Projeto I"
    },
    {
        "id": 26,
        "nome": "Projeto II"
    },
    {
        "id": 27,
        "nome": "Projeto III"
    },
    {
        "id": 28,
        "nome": "Projeto IV"
    },
    {
        "id": 29,
        "nome": "Psicologia e Percepção"
    },
    {
        "id": 30,
        "nome": "TCC I"
    },
    {
        "id": 31,
        "nome": "TCC II"
    },
    {
        "id": 32,
        "nome": "Tipografia"
    },
    {
        "id": 33,
        "nome": "Arquitetura da Informação"
    },
    {
        "id": 34,
        "nome": "Ergonomia"
    },
    {
        "id": 35,
        "nome": "Engenharia Semiótica"
    },
    {
        "id": 36,
        "nome": "Cinema e Animação"
    },
    {
        "id": 37,
        "nome": "Desenvolvimento de Software para Web"
    },
    {
        "id": 38,
        "nome": "Design de Sistemas Colaborativos"
    },
    {
        "id": 39,
        "nome": "Engenharia de Software"
    },
    {
        "id": 40,
        "nome": "Fotografia"
    },
    {
        "id": 41,
        "nome": "Fundamento de Banco de Dados"
    },
    {
        "id": 42,
        "nome": "Introdução à Computação Gráfica"
    },
    {
        "id": 43,
        "nome": "Inglês Instrumental I"
    },
    {
        "id": 44,
        "nome": "Inglês Instrumental II"
    },
    {
        "id": 45,
        "nome": "Jogos Eletrônicos"
    },
    {
        "id": 46,
        "nome": "LIBRAS"
    },
    {
        "id": 47,
        "nome": "Marketing"
    },
    {
        "id": 48,
        "nome": "Probabilidade e Estatística"
    },
    {
        "id": 49,
        "nome": "Prototipação Rápida"
    },
    {
        "id": 50,
        "nome": "Realidade Virtual"
    },
    {
        "id": 51,
        "nome": "Seminários"
    },
    {
        "id": 52,
        "nome": "Sociologia e Antropologia"
    },
    {
        "id": 53,
        "nome": "Teoria da Comunicação"
    },
    {
        "id": 54,
        "nome": "Tópicos Especiais em Artes"
    },
    {
        "id": 55,
        "nome": "Tópicos Especiais em Comunicação"
    },
    {
        "id": 56,
        "nome": "Tópicos Especiais em Design"
    },
    {
        "id": 57,
        "nome": "User Experience (UX)"
    }
]