[
  {
    "id": 1,
    "titulo": "Identidade visual para ONG de educação ambiental",
    "descricao": "Projeto que envolveu o desenvolvimento completo de uma identidade visual, incluindo logotipo, paleta de cores, tipografia e aplicações em papelaria. O objetivo era modernizar a presença da ong e comunicar seus valores de sustentabilidade com mais clareza para o público.",
    "autor": [
      "Ana Souza",
      "Bruno Lima"
    ],
    "disciplina": [
      "Design gráfico"
    ],
    "ferramenta": [
      "Illustrator",
      "Figma"
    ],
    "tags": [
      "Branding",
      "Identidade visual"
    ],
    "ano": 2024,
    "imagem": [
      "/imagens/ong1.png",
      "/imagens/ong2.png"
    ]
  },
  {
    "id": 2,
    "titulo": "Protótipo funcional de app para doações",
    "descricao": "Um aplicativo voltado para conectar doadores e instituições de caridade. além do fluxo de telas, foram feitos testes com usuários e ajustes de acessibilidade. a proposta foca em simplicidade e empatia no uso.",
    "autor": [
      "Carlos Dias"
    ],
    "disciplina": [
      "Projeto orientado em design",
      "UX"
    ],
    "ferramenta": [
      "Figma"
    ],
    "tags": [
      "ux",
      "app",
      "protótipo"
    ],
    "ano": 2023,
    "imagem": [
      "/imagens/app1.png"
    ]
  },
  {
    "id": 3,
    "titulo": "Sistema web para gerenciamento de biblioteca",
    "descricao": "desenvolvimento de um sistema de empréstimos de livros com login, busca por título ou autor e relatórios administrativos. o foco foi pensar uma interface responsiva, acessível e simples, considerando que o público é diverso e pouco familiarizado com tecnologia.",
    "autor": [
      "Daniela Costa",
      "Marcos Silva",
      "Luan Ferreira"
    ],
    "disciplina": [
      "IHC",
      "Web design",
      "POD"
    ],
    "ferramenta": [
      "Figma",
      "VSCode",
      "React"
    ],
    "tags": [
      "interface",
      "web",
      "sistema"
    ],
    "ano": 2024,
    "imagem": [
      "/imagens/biblio1.png"
    ]
  },
  {
    "id": 4,
    "titulo": "Campanha gráfica para coleta seletiva",
    "descricao": "a campanha tem o objetivo de conscientizar moradores da zona urbana sobre a importância da separação do lixo. foi feita uma pesquisa de campo e a aplicação do material em muros, panfletos e redes sociais.",
    "autor": [
      "Juliana Paiva"
    ],
    "disciplina": [
      "Design de mídia"
    ],
    "ferramenta": [
      "Photoshop"
    ],
    "tags": [
      "campanha",
      "design gráfico"
    ],
    "ano": 2022,
    "imagem": [
      "/imagens/campanha1.png"
    ]
  },
  {
    "id": 5,
    "titulo": "Catálogo digital para loja de roupas",
    "descricao": "catálogo em formato digital com foco em navegação intuitiva, idealizado para tablets e smartphones. foram estudadas referências modernas, alinhadas com identidade jovem e urbana da marca.",
    "autor": [
      "Lucas Henrique"
    ],
    "disciplina": [
      "Design editorial",
      "POD"
    ],
    "ferramenta": [
      "Figma",
      "Canva",
      "Photoshop"
    ],
    "tags": [
      "editorial",
      "interativo",
      "e-commerce"
    ],
    "ano": 2023,
    "imagem": [
      "/imagens/catalogo1.png",
      "/imagens/catalogo2.png"
    ]
  },
  {
    "id": 6,
    "titulo": "Site para evento de extensão universitária",
    "descricao": "o site apresenta programação, inscrição, mapa do local e galeria de fotos do evento. desenvolvido com atenção à performance em dispositivos móveis, integração com formulário e boas práticas de acessibilidade. o layout acompanha a identidade visual do evento.",
    "autor": [
      "Paula Menezes",
      "Vitor Andrade"
    ],
    "disciplina": [
      "Web design",
      "IHC"
    ],
    "ferramenta": [
      "VSCode",
      "HTML",
      "CSS",
      "JavaScript"
    ],
    "tags": [
      "evento",
      "website",
      "frontend"
    ],
    "ano": 2024,
    "imagem": [
      "/imagens/evento1.png"
    ]
  },
  {
    "id": 7,
    "titulo": "Animação educativa sobre segurança digital",
    "descricao": "vídeo animado que aborda conceitos básicos de proteção de dados e privacidade na internet. o roteiro foi validado com professores da rede pública e adaptado para linguagem jovem e acessível. a produção foi feita em grupo com divisão de tarefas entre roteiro, storyboard, ilustração e animação.",
    "autor": [
      "Rafael Barbosa"
    ],
    "disciplina": [
      "Animação digital",
      "Design de mídia"
    ],
    "ferramenta": [
      "After Effects"
    ],
    "tags": [
      "animação",
      "audiovisual",
      "segurança"
    ],
    "ano": 2023,
    "imagem": [
      "/imagens/animacao1.gif"
    ]
  },
  {
    "id": 8,
    "titulo": "Infográfico interativo sobre mudanças climáticas",
    "descricao": "material interativo com gráficos, dados científicos e navegação por seções. o objetivo foi traduzir dados complexos em elementos visuais compreensíveis para o público leigo. testado com alunos do ensino médio e redesenhado com base no feedback.",
    "autor": [
      "Isabela Rocha",
      "Thiago Martins"
    ],
    "disciplina": [
      "Design da informação"
    ],
    "ferramenta": [
      "Figma",
      "Illustrator"
    ],
    "tags": [
      "infográfico",
      "interativo",
      "sustentabilidade"
    ],
    "ano": 2024,
    "imagem": [
      "/imagens/info1.png",
      "/imagens/info2.png"
    ]
  },
  {
    "id": 9,
    "titulo": "Rebranding para padaria tradicional",
    "descricao": "projeto de reposicionamento da marca, com redesign do logotipo, reformulação do cardápio e criação de embalagem. buscou-se manter o aspecto acolhedor da padaria enquanto se modernizava sua comunicação visual para atrair novos públicos.",
    "autor": [
      "Eduarda Fernandes"
    ],
    "disciplina": [
      "Branding"
    ],
    "ferramenta": [
      "Photoshop",
      "Figma",
      "InDesign"
    ],
    "tags": [
      "redesign",
      "identidade visual",
      "comércio"
    ],
    "ano": 2022,
    "imagem": [
      "/imagens/padaria1.png"
    ]
  },
  {
    "id": 10,
    "titulo": "Jogo educativo sobre lógica de programação",
    "descricao": "jogo web desenvolvido com foco em lógica de programação para iniciantes. o jogo propõe desafios visuais que ajudam o usuário a pensar como um algoritmo. foi realizado com o objetivo de ser usado como material complementar em escolas públicas. o projeto inclui fases, sistema de pontuação e interface personalizada com mascote ilustrado.",
    "autor": [
      "Matheus Costa",
      "Larissa Lima"
    ],
    "disciplina": [
      "POD",
      "IHC",
      "Computação gráfica"
    ],
    "ferramenta": [
      "Unity",
      "Figma",
      "Illustrator"
    ],
    "tags": [
      "jogo",
      "educação",
      "lógica",
      "web game"
    ],
    "ano": 2024,
    "imagem": [
      "/imagens/jogo1.png",
      "/imagens/jogo2.png"
    ]
  }
]